index,t_s,kind,friction_nm,static_load_nm,temperature_c,position_rad
0,3.873,kinetic,0.14485599,0.017343976,31.000,-0.949683
1,7.736,kinetic,0.14457633,0.017009433,31.000,-0.947776
2,11.608,kinetic,0.1444711,0.019185334,31.000,-0.947013
3,15.466,kinetic,0.14463417,0.019110508,31.000,-0.945106
4,19.327,kinetic,0.14492989,0.019487362,31.000,-0.943961
5,23.197,kinetic,0.1452566,0.01839333,31.000,-0.942435
6,27.063,kinetic,0.14576861,0.01692833,31.000,-0.939765
7,30.925,kinetic,0.14641677,0.015228905,31.000,-0.937858
8,34.797,kinetic,0.14740907,0.0155938715,31.000,-0.938621
9,38.668,kinetic,0.14874823,0.01602801,31.000,-0.936332
10,42.536,kinetic,0.15036505,0.016648956,31.000,-0.935569
11,46.406,kinetic,0.15008423,0.017114032,31.000,-0.935187
12,50.281,kinetic,0.15095252,0.016254798,31.000,-0.935187
13,54.152,kinetic,0.15112384,0.019979317,31.000,-0.932899
14,58.023,kinetic,0.15139286,0.019467283,31.000,-0.932136
15,61.900,kinetic,0.15253977,0.020031255,31.000,-0.932899
16,65.791,kinetic,0.15303393,0.01897183,31.000,-0.932136
17,69.663,kinetic,0.15281777,0.020976622,31.000,-0.930610
18,73.535,kinetic,0.1528804,0.02188022,31.000,-0.930228
19,77.408,kinetic,0.15441355,0.01970721,31.000,-0.929847
